zodiac,keywords
Aries,energetic adventurous confident bold
Aries,impulsive competitive fearless passionate
Aries,courageous active determined spontaneous
Aries,enthusiastic headstrong daring lively
Aries,brave dynamic ambitious restless
Taurus,practical reliable patient sensual
Taurus,stubborn loyal grounded materialistic
Taurus,calm persistent stable affectionate
Taurus,dependable cautious earthy determined
Taurus,sensual nurturing comfortable security-loving
Gemini,curious adaptable talkative witty
Gemini,intelligent sociable restless versatile
Gemini,communicative lively playful clever
Gemini,quick-witted flexible inquisitive charming
Gemini,versatile dynamic expressive sharp-minded
Cancer,emotional nurturing protective sensitive
Cancer,home-loving caring intuitive empathetic
Cancer,loyal sentimental supportive imaginative
Cancer,intuitive sympathetic gentle nurturing
Cancer,protective empathetic moody caring
Leo,dramatic confident proud creative
Leo,charismatic generous ambitious loyal
Leo,expressive courageous dominant playful
Leo,energetic bold inspiring fun-loving
Leo,creative warm-hearted strong-minded theatrical
Virgo,analytical organized detail-oriented meticulous
Virgo,practical perfectionist observant reliable
Virgo,modest systematic diligent careful
Virgo,intelligent methodical attentive precise
Virgo,disciplined thoughtful efficient critical
Libra,balanced diplomatic charming social
Libra,graceful fair-minded cooperative idealistic
Libra,charming harmonious sociable gentle
Libra,peaceful polite romantic artistic
Libra,refined courteous tactful understanding
Scorpio,intense passionate secretive magnetic
Scorpio,resourceful determined brave probing
Scorpio,focused mysterious strategic powerful
Scorpio,deep perceptive resilient transformative
Scorpio,loyal ambitious emotional secretive
Sagittarius,adventurous optimistic independent honest
Sagittarius,freedom-loving philosophical humorous energetic
Sagittarius,curious playful outgoing idealistic
Sagittarius,energetic open-minded enthusiastic restless
Sagittarius,fun-loving spontaneous exploratory bold
Capricorn,disciplined responsible ambitious patient
Capricorn,practical cautious reliable goal-oriented
Capricorn,hardworking determined focused structured
Capricorn,strategic patient methodical persistent
Capricorn,ambitious persistent mature reliable
Aquarius,innovative independent humanitarian eccentric
Aquarius,intellectual unconventional original friendly
Aquarius,visionary inventive quirky progressive
Aquarius,free-spirited idealistic inventive unusual
Aquarius,creative humanitarian friendly independent
Pisces,empathetic dreamy intuitive artistic
Pisces,compassionate imaginative sensitive gentle
Pisces,intuitive emotional romantic kind
Pisces,creative spiritual emotional gentle
Pisces,soft-hearted imaginative dreamy selfless
Aries,energetic adventurous confident bold
Aries,impulsive competitive fearless passionate
Aries,courageous active determined spontaneous
Aries,enthusiastic headstrong daring lively
Aries,brave dynamic ambitious restless
Aries,adventurous lively outspoken fearless
Aries,active strong-minded assertive impatient
Aries,determined bold energetic risk-taking
Aries,fearless pioneering dynamic enthusiastic
Aries,confident headstrong adventurous competitive
Taurus,practical reliable patient sensual
Taurus,stubborn loyal grounded materialistic
Taurus,calm persistent stable affectionate
Taurus,dependable cautious earthy determined
Taurus,sensual nurturing comfortable security-loving
Taurus,steadfast patient loyal grounded
Taurus,pragmatic persistent calm caring
Taurus,stable determined trustworthy sensual
Taurus,comfortable loyal consistent affectionate
Taurus,materialistic patient practical reliable
Gemini,curious adaptable talkative witty
Gemini,intelligent sociable restless versatile
Gemini,communicative lively playful clever
Gemini,quick-witted flexible inquisitive charming
Gemini,versatile dynamic expressive sharp-minded
Gemini,intellectual witty clever talkative
Gemini,sociable lively humorous adaptable
Gemini,curious playful dynamic communicative
Gemini,flexible communicative restless sharp
Gemini,intelligent adventurous talkative witty
Cancer,emotional nurturing protective sensitive
Cancer,home-loving caring intuitive empathetic
Cancer,loyal sentimental supportive imaginative
Cancer,intuitive sympathetic gentle nurturing
Cancer,protective empathetic moody caring
Cancer,sensitive emotional loyal imaginative
Cancer,home-oriented caring compassionate gentle
Cancer,nurturing empathetic protective supportive
Cancer,emotional reflective caring intuitive
Cancer,compassionate loving sentimental protective
Leo,dramatic confident proud creative
Leo,charismatic generous ambitious loyal
Leo,expressive courageous dominant playful
Leo,energetic bold inspiring fun-loving
Leo,creative warm-hearted strong-minded theatrical
Leo,proud confident charismatic ambitious
Leo,dominant energetic bold lively
Leo,creative fun-loving expressive warm-hearted
Leo,charismatic outgoing dramatic playful
Leo,ambitious generous confident daring
Virgo,analytical organized detail-oriented meticulous
Virgo,practical perfectionist observant reliable
Virgo,modest systematic diligent careful
Virgo,intelligent methodical attentive precise
Virgo,disciplined thoughtful efficient critical
Virgo,organized analytical practical precise
Virgo,meticulous reliable methodical thoughtful
Virgo,perfectionist diligent observant practical
Virgo,systematic analytical careful disciplined
Virgo,critical organized intelligent attentive
Libra,balanced diplomatic charming social
Libra,graceful fair-minded cooperative idealistic
Libra,charming harmonious sociable gentle
Libra,peaceful polite romantic artistic
Libra,refined courteous tactful understanding
Libra,social diplomatic fair-minded cooperative
Libra,charming courteous polite graceful
Libra,idealistic balanced harmonious artistic
Libra,cooperative gracious tactful fair-minded
Libra,refined balanced sociable charming
Scorpio,intense passionate secretive magnetic
Scorpio,resourceful determined brave probing
Scorpio,focused mysterious strategic powerful
Scorpio,deep perceptive resilient transformative
Scorpio,loyal ambitious emotional secretive
Scorpio,intense magnetic determined secretive
Scorpio,passionate probing strong-willed mysterious
Scorpio,strategic resourceful perceptive deep
Scorpio,focused secretive determined powerful
Scorpio,transformative intense resilient resourceful
Sagittarius,adventurous optimistic independent honest
Sagittarius,freedom-loving philosophical humorous energetic
Sagittarius,curious playful outgoing idealistic
Sagittarius,energetic open-minded enthusiastic restless
Sagittarius,fun-loving spontaneous exploratory bold
Sagittarius,optimistic adventurous honest energetic
Sagittarius,restless independent philosophical curious
Sagittarius,adventurous freedom-loving playful lively
Sagittarius,honest optimistic fun-loving energetic
Sagittarius,spontaneous energetic curious adventurous
Capricorn,disciplined responsible ambitious patient
Capricorn,practical cautious reliable goal-oriented
Capricorn,hardworking determined focused structured
Capricorn,strategic patient methodical persistent
Capricorn,ambitious persistent mature reliable
Capricorn,practical disciplined hardworking cautious
Capricorn,responsible goal-oriented methodical patient
Capricorn,structured ambitious strategic disciplined
Capricorn,focused persistent determined practical
Capricorn,patient cautious practical responsible ambitious
Aquarius,innovative independent humanitarian eccentric
Aquarius,intellectual unconventional original friendly
Aquarius,visionary inventive quirky progressive
Aquarius,free-spirited idealistic inventive unusual
Aquarius,creative humanitarian friendly independent
Aquarius,original inventive independent innovative
Aquarius,visionary eccentric free-spirited intellectual
Aquarius,progressive humanitarian friendly unconventional
Aquarius,intellectual creative innovative independent
Aquarius,unconventional inventive humanitarian original
Pisces,empathetic dreamy intuitive artistic
Pisces,compassionate imaginative sensitive gentle
Pisces,intuitive emotional romantic kind
Pisces,creative spiritual emotional gentle
Pisces,soft-hearted imaginative dreamy selfless
Pisces,artistic gentle empathetic intuitive
Pisces,dreamy compassionate imaginative kind
Pisces,intuitive artistic soft-hearted sensitive
Pisces,emotional spiritual creative gentle
Pisces,kind empathetic dreamy imaginative
Aries, brave leader passionate energetic impulsive courageous pioneer assertive competitive fearless confident dynamic quick-tempered independent daring headstrong enthusiastic bold direct spontaneous action-oriented fiery dominant ambitious self-reliant adventurous impatient reckless trailblazer warrior initiating spontaneous risk-taker
Taurus, patient reliable stubborn sensual loyal grounded persistent practical possessive stable security-loving determined calm strong-willed affectionate earthy indulgent comfort-seeking steadfast traditional warm-hearted jealous hardworking down-to-earth deliberate luxurious enduring dependable realistic
Gemini, curious witty talkative adaptable clever social inconsistent versatile quick communicative intellectual charming restless playful youthful dual-natured expressive funny lighthearted scattered inventive flexible outgoing multitasking eloquent inquisitive lively sociable nervous
Cancer, emotional nurturing protective moody sensitive intuitive caring clingy empathetic homebody sentimental maternal imaginative tenacious cautious loyal sympathetic compassionate romantic family-oriented gentle private defensive comforting nostalgic loving supportive psychic imaginative
Leo, charismatic proud generous dramatic confident creative loyal warm theatrical ambitious romantic playful magnanimous dignified enthusiastic courageous inspiring regal affectionate optimistic fun-loving glamorous protective center-stage leadership domineering attention-loving
Virgo, analytical practical perfectionist critical organized helpful modest detail-oriented reliable intelligent humble health-conscious methodical precise diligent reserved service-oriented logical meticulous hardworking thoughtful efficient discerning clean systematic supportive pure
Libra, diplomatic charming romantic indecisive social fair-minded graceful peaceful aesthetic cooperative harmonious elegant refined tactful artistic balanced loving flirtatious justice-seeking sociable gentle beauty-loving compromising relationship-focused cultured polite
Scorpio, intense passionate secretive powerful jealous loyal mysterious determined vengeful deep transformative magnetic resourceful brave sexual perceptive obsessive resilient controlling penetrating psychic fearless investigative sensual complex regenerative strong-willed
Sagittarius, adventurous optimistic honest philosophical restless funny independent blunt lucky free-spirited open-minded enthusiastic generous idealistic traveler explorer truthful jovial careless freedom-loving knowledgeable broad-minded cheerful visionary risk-taker spiritual direct
Capricorn, disciplined ambitious responsible patient practical cautious loyal hardworking serious traditional goal-oriented authoritative mature persistent self-controlled reliable organized pragmatic reserved dutiful determined wise realistic structured enduring status-conscious
Aquarius, innovative humanitarian eccentric independent friendly detached intellectual rebellious original progressive unconventional visionary altruistic logical futuristic quirky inventive freedom-loving tolerant unpredictable group-oriented genius unique forward-thinking cool-headed
Pisces, dreamy compassionate artistic sensitive intuitive gentle romantic imaginative empathetic spiritual selfless mystical healing emotional kind creative poetic forgiving psychic musical sacrificial idealistic fantasy-prone loving soulful adaptable impressionable
Aries,leadership impulsive courageous bold competitive action-driven
Aries,quick tempered strong will initiator assertive direct
Aries,athletic energetic confident charging forward impatient
Aries,adrenaline independence warrior mentality fiery passion
Aries,acts first thinks later ambitious challenge loving stubborn
Aries,risk taker bold decisions frontline fighter fearless
Aries,fast energy aggressive playful dominant energy
Aries,immediate action hates waiting strong ego lively spirit
Aries,pioneer trailblazer initiator courage forward momentum
Aries,alpha energy impulsive strength fiery movement
Taurus,grounded stability comfort luxury stubborn slow steady loyal
Taurus,calm patient dependable love food sensual earthy practical
Taurus,routine oriented hates change physical affection stubbornness
Taurus,money savings comfort seeking security focused persistence
Taurus,loyal grounded consistent likes routine hates disruption
Taurus,slow movement practical stable strong physique indulgent
Taurus,material comfort sensual touch patience long term effort
Taurus,earthy scent luxury stable homebody soothing energy
Taurus,steady stubborn unshakeable grounded loyal heart
Gemini,talkative curious witty adaptable dual nature social butterfly
Gemini,communicative intellectual scattered multitasker fast mind
Gemini,playful flirt ideas switching moods clever humorous
Gemini,information seeker texting fast thinker inconsistent airy
Gemini,youthful expressive social open minded variety loving
Gemini,dual personality flexible curious mind lively energy
Gemini,messaging communication jokes conversational quick
Gemini,restless mind multitasking humor spontaneous communicator
Gemini,light airy energy playful social laughter
Cancer,emotional nurturing protective sensitive mood swings intuitive
Cancer,home family oriented caring motherly empathy comfort seeking
Cancer,withdrawn defensive loyal emotional depth nostalgic
Cancer,soft heart nurturing instinct emotional intuition safe space
Cancer,loyal to loved ones sensitive shy loving domestic energy
Cancer,protective shell introverted tears sentimental caregiver
Cancer,nurturing emotional waves homebody sensitive heart
Cancer,comfort food nostalgia deep feeling intuitive moods
Leo,confident spotlight proud charismatic dramatic generous bold
Leo,leadership warm heart attention loving expressive playful
Leo,self expression admiration glamorous creativity theatrics
Leo,radiant ego strong personality loyalty big gestures
Leo,regal presence pride affectionate fun joyful confident
Leo,childlike playfulness bold confidence center of attention
Leo,dramatic flair magnetic charm passionate expressive fire
Leo,sunny personality loud energy warm heart loyal boldness
Virgo,analytical detail oriented organized perfectionist practical
Virgo,cleanliness routine critical thinking helpful logical modest
Virgo,service oriented health focus tidy responsible grounded
Virgo,problem solving efficiency improvement worries overthinking
Virgo,precise thoughtful reserved subtle humble intelligent
Virgo,critical eye structured perfection realism practical mind
Virgo,organized lists routine improvement analytical thinker
Virgo,quiet careful grounded realistic helpful supportive
Libra,charming balanced harmony relationship oriented elegant social
Libra,indecisive fair minded graceful polite artistic romantic
Libra,people pleasing diplomacy beauty aesthetics partnership
Libra,social smooth talker charming appearance focused peace
Libra,balance justice relationships cooperative soft energy
Libra,romantic flirt gentle charm diplomacy airy grace
Libra,harmony seeking aesthetics fashion romance polite
Libra,soft spoken peacemaker social pleasant charismatic
Scorpio,intense mysterious magnetic private loyal emotional depth
Scorpio,jealous transformative passionate secretive powerful gaze
Scorpio,obsessive deep connection strong intuition penetrating stare
Scorpio,sexual energy deep emotions shadow work loyalty extremes
Scorpio,silent feelings intensity protective secrecy emotional pull
Scorpio,magnetic attraction mysterious vibe loyalty passion depth
Scorpio,deep stare intuition obsession emotional intensity
Scorpio,secretive powerful aura transformation depth
Sagittarius,adventurous freedom loving optimistic philosophical traveler
Sagittarius,humor blunt honest explorer open minded enthusiastic
Sagittarius,risk taking world traveler spiritual teacher big dreams
Sagittarius,independent restless hates routine humor playful
Sagittarius,free spirit adventurous energy optimistic wild open
Sagittarius,direct speech wanderlust philosophy spontaneous fire
Sagittarius,enthusiastic explorer freedom excitement open horizons
Capricorn,disciplined responsible mature hardworking patient ambitious
Capricorn,serious tone structured career focused determined practical
Capricorn,emotionally reserved dry humor leadership steady progress
Capricorn,goal oriented slow build long term planning strong work ethic
Capricorn,traditional conservative durable loyal grounded steady
Capricorn,responsibility maturity focus business work structure
Capricorn,ambitious persistent patient practical stoic energy
Capricorn,professional serious realistic slow consistent
Aquarius,unique rebellious innovative humanitarian intellectual detached
Aquarius,future thinking quirky independent free thinker eccentric
Aquarius,unpredictable unconventional tech minded visionary idealistic
Aquarius,emotionally detached friendship focused logical open minded
Aquarius,rebellion outsider energy abstract ideas community focus
Aquarius,creative eccentric humanitarian detached mental clarity
Aquarius,strong individuality new ideas weird different thinking
Pisces,spiritual dreamy intuitive emotional creative empathetic
Pisces,artistic mystical soft hearted imaginative emotional depth
Pisces,escapism compassionate psychic vibes sleep dream energy
Pisces,romantic idealistic sensitive emotional waves gentle soul
Pisces,music healing spiritual intuition emotional openness
Pisces,soft aura intuitive dreamy emotional imagination floating
Pisces,kind heart fantasy emotional sensitivity spiritual depth
